,created_at,id_str,text,source,in_reply_to_user_id,in_reply_to_screen_name,in_reply_to_status_id,retweet_count,contributors
0,Tue Nov 05 00:00:04 +0000 2013,397513609711874048,JUST GOT HOME AND SAW WE BROKE THE VEVO RECORD! IF YOU HELPED I LOVE YOU,"<a href=""http://twitter.com/download/iphone"" rel=""nofollow"">Twitter for iPhone</a>",NULL,NULL,NULL,0,NULL
1,Tue Nov 05 00:00:04 +0000 2013,397513609732845568,We are here to play tough cricket: Richardson http://t.co/qNFIdXma8h,"<a href=""http://scoop.so"" rel=""nofollow"">SCOOP Hot News India</a>",NULL,NULL,NULL,0,NULL
2,Tue Nov 05 00:00:04 +0000 2013,397513609732816896,"I really love kids, always have always will.","<a href=""http://twitter.com/download/iphone"" rel=""nofollow"">Twitter for iPhone</a>",NULL,NULL,NULL,0,NULL
3,Tue Nov 05 00:00:04 +0000 2013,397513609728651265,RT @ertiaraa: RT @MeilindaMP: somebody that i used to know,"<a href=""http://twitter.com/download/android"" rel=""nofollow"">Twitter for Android</a>",NULL,NULL,NULL,0,NULL
4,Tue Nov 05 00:00:04 +0000 2013,397513609741221888,RT @Harry_Styles: So that's it.,"<a href=""http://twitter.com"" rel=""nofollow"">Twitter Web Client</a>",NULL,NULL,NULL,0,NULL
5,Tue Nov 05 00:00:04 +0000 2013,397513609724456961,I don't like this time change.,"<a href=""http://twitter.com/download/android"" rel=""nofollow"">Twitter for Android</a>",NULL,NULL,NULL,0,NULL
6,Tue Nov 05 00:00:04 +0000 2013,397513609737015296,"vou procurar outra escola pro ano que vem, fodaceeee!",web,NULL,NULL,NULL,0,NULL
7,Tue Nov 05 00:00:04 +0000 2013,397513609737039873,"there's a show on HISTORY right now where they're talking about the world ending in 2012...uh, guys...it's over.... http://t.co/25b1W6WetK","<a href=""http://www.facebook.com/twitter"" rel=""nofollow"">Facebook</a>",NULL,NULL,NULL,0,NULL
8,Tue Nov 05 00:00:04 +0000 2013,397513609745420288,@sista_indrayani hehe makasi syg :* siapa lagi kalo bukan syg :D,"<a href=""http://blackberry.com/twitter"" rel=""nofollow"">Twitter for BlackBerry¬Æ</a>",1193296183,sista_indrayani,397512497395023900,0,NULL
9,Tue Nov 05 00:00:04 +0000 2013,397513609741234176,RT @SayingsForGirls: One of the best feeling in the world is when you‚Äôre hugging the person you love and they hug you back even tighter.,"<a href=""http://twitter.com/download/android"" rel=""nofollow"">Twitter for Android</a>",NULL,NULL,NULL,0,NULL
10,Tue Nov 05 00:00:04 +0000 2013,397513609716039681,@haaffiizz emang kenapa sbyy?,"<a href=""http://twitter.com/download/android"" rel=""nofollow"">Twitter for Android</a>",112436350,haaffiizz,397509665652609000,0,NULL
11,Tue Nov 05 00:00:04 +0000 2013,397513609741209600,Sainte Bertille - Moniale √† Jouarre puis abbesse de Chelles (+ v. 705) #saintdujour http://t.co/VT74Mn6Vg1,"<a href=""http://nominis.cef.fr"" rel=""nofollow"">Nominis</a>",NULL,NULL,NULL,0,NULL
12,Tue Nov 05 00:00:04 +0000 2013,397513609720258560,@LisaKrabappel I'm tired ok (and I'm French so I'm allowed),web,1547210916,LisaKrabappel,397513335945842700,0,NULL
13,Tue Nov 05 00:00:04 +0000 2013,397513609716068352,#Temientosi 'no soy hist√©rica',web,NULL,NULL,NULL,0,NULL
14,Tue Nov 05 00:00:04 +0000 2013,397513609724444672,it's so dark outside already for It to be barely 6.,"<a href=""http://twitter.com/download/android"" rel=""nofollow"">Twitter for Android</a>",NULL,NULL,NULL,0,NULL
15,Tue Nov 05 00:00:04 +0000 2013,397513609711861760,„ÄêË≤∑„ÅÑÁâ©:ÂÆ∂Êóè„Äë„Äå„Éë„Éë„Åì„Çå„Åã„Å£„Å¶„ÉºÔºÅ„Äç„Äå„ÉÄ„É°„Å†„ÄÇ„Åì„ÅÆÂâçË≤∑„Å£„Åü„Å∞„Å£„Åã„Å†„Çç„ÅÜ„ÅåÔºÅ„Äç„Äé„Åæ„ÅÇ„Åæ„ÅÇ„ÄÇ„Åß„ÇÇ‰Ωï„Åß„Åì„Çå„ÅåÊ¨≤„Åó„ÅÑ„ÅÆÔºü„Åì„ÅÆÂâç„ÇÇÂêå„Åò„ÅÆË≤∑„Å£„Åü„Åß„Åó„ÇáÔºü„Äè„Äå„Éë„Éë„Å®„Éû„Éû„ÅÆ„Å∂„Çì„ÅØ„Å™„ÅÑ„ÇÇ„Çì„ÄÇ„Åä„Åù„Çç„ÅÑ„Åå„ÅÑ„ÅÑ„Çì„Å†„ÇÇ„Çì‚Ä¶„Äç„Äå‚Ä¶‚Ä¶Ë≤∑„Å£„Å¶„ÇÑ„Çã„Äç„ÄéÊ≠≥‰∏â„Åï„Çì„ÇÇÁîò„ÅÑ„Åß„Åô„Å≠„Äè„Äå„ÅÜ„Çã„Åõ„Éº„Äç #ËñÑÊ°úÈ¨ºÂ¶ÑÊÉ≥Âêê„ÅçÊç®„Å¶Â†¥,"<a href=""http://hkokbot.blog.fc2.com/"" rel=""nofollow"">ËñÑÊ°úÈ¨ºÂ¶ÑÊÉ≥bot</a>",NULL,NULL,NULL,0,NULL
16,Tue Nov 05 00:00:04 +0000 2013,397513609711869952,@Mr_Shimotch Áü•„Å£„Å¶„Çã„Çà„Äú,"<a href=""http://twitter.com/download/iphone"" rel=""nofollow"">Twitter for iPhone</a>",140864999,Mr_Shimotch,397400222118080500,0,NULL
17,Tue Nov 05 00:00:04 +0000 2013,397513609724444673,"When crime shows use men that somehow remind me of my dad as victims/or the father of a victim, I cry sometimes...",web,NULL,NULL,NULL,0,NULL
18,Tue Nov 05 00:00:04 +0000 2013,397513609720250369,@Lifvaria27 @Novaarlinda39 iya mama,web,396539720,Lifvaria27,397311323232432100,0,NULL
19,Tue Nov 05 00:00:04 +0000 2013,397513609745403905,ÂÆåÂÖ®„Å´È¢®ÈÇ™Âºï„ÅÑ„Åü,"<a href=""http://twitter.com/download/android"" rel=""nofollow"">Twitter for Android</a>",NULL,NULL,NULL,0,NULL
20,Tue Nov 05 00:00:04 +0000 2013,397513609737428992,"That's the way to live, always do exactly as you're told.","<a href=""http://twitter.com/download/android"" rel=""nofollow"">Twitter for Android</a>",NULL,NULL,NULL,0,NULL
21,Tue Nov 05 00:00:04 +0000 2013,397513609724452864,"@hugomorais @luistheo @gabidogato N√£o fiz nada, mas precisando.",web,16155633,hugomorais,397512864476708860,0,NULL
22,Tue Nov 05 00:00:04 +0000 2013,397513609732820993,@_CortezBanging O. You Sound Hard ! Llab,"<a href=""http://twitter.com/download/iphone"" rel=""nofollow"">Twitter for iPhone</a>",297104795,_CortezBanging,397512149548797950,0,NULL
23,Tue Nov 05 00:00:04 +0000 2013,397513609733226496,Eu n te deixaria por uma aventura atoa e nem te trocaria por qualquer outra pessoa,"<a href=""http://twitter.com/download/android"" rel=""nofollow"">Twitter for Android</a>",NULL,NULL,NULL,0,NULL
24,Tue Nov 05 00:00:04 +0000 2013,397513609724436480,@RastraAta tanya terus sampe di jawab.,"<a href=""http://twitter.com/download/iphone"" rel=""nofollow"">Twitter for iPhone</a>",544201689,RastraAta,397513392916660200,0,NULL
25,Tue Nov 05 00:00:04 +0000 2013,397513609708068864,RT @TorresMF: san pablo sos de lo mas pecho frio q hay #TodasPutas,"<a href=""http://twitter.com/download/iphone"" rel=""nofollow"">Twitter for iPhone</a>",NULL,NULL,NULL,0,NULL
26,Tue Nov 05 00:00:04 +0000 2013,397513609724837889,"I just need a long hug.
That's all.","<a href=""http://twitter.com/download/iphone"" rel=""nofollow"">Twitter for iPhone</a>",NULL,NULL,NULL,0,NULL
27,Tue Nov 05 00:00:04 +0000 2013,397513609724448768,my booty today &gt; üòèüòèüòè,"<a href=""http://twitter.com/download/iphone"" rel=""nofollow"">Twitter for iPhone</a>",NULL,NULL,NULL,0,NULL
28,Tue Nov 05 00:00:04 +0000 2013,397513609732833280,"@jonunited19 verdade, vamo no real na quinta!",web,1878709656,jonunited19,397510472037326850,0,NULL
29,Tue Nov 05 00:00:04 +0000 2013,397513609732820992,RT @NosTrendsBrasil: Maite Perroni √© linda. #Rebelde046,"<a href=""https://mobile.twitter.com"" rel=""nofollow"">Mobile Web (M2)</a>",NULL,NULL,NULL,0,NULL
30,Tue Nov 05 00:00:04 +0000 2013,397513609707663360,"RT @jaime_funes: ‚Äú@marcakaa: Ya con nuevos dise√±os,nuevas colaboraciones ! Listos para el 7 de diciembre !alla nos vemos‚Äù / Ah√≠ nos vemos! ‚Ä¶","<a href=""http://twitter.com/download/iphone"" rel=""nofollow"">Twitter for iPhone</a>",NULL,NULL,NULL,0,NULL
31,Tue Nov 05 00:00:04 +0000 2013,397513609708064768,I like soccer moms... A lot,"<a href=""http://twitter.com/download/iphone"" rel=""nofollow"">Twitter for iPhone</a>",NULL,NULL,NULL,0,NULL
32,Tue Nov 05 00:00:04 +0000 2013,397513609741602816,essa musica do costa ouro com o zrm ficou pesada,"<a href=""http://www.tweetdeck.com"" rel=""nofollow"">TweetDeck</a>",NULL,NULL,NULL,0,NULL
33,Tue Nov 05 00:00:04 +0000 2013,397513609724821504,"Leon County Greenway Day this past weekend was a hit! Many Tallahasseeans came out for a day of fun and activities. 
http://t.co/SGHYm1vnae","<a href=""http://www.grosocial.com"" rel=""nofollow"">GroSocial</a>",NULL,NULL,NULL,0,NULL
34,Tue Nov 05 00:00:04 +0000 2013,397513609720639488,"@seanpaul_D happy birthday bey, have a good one!","<a href=""http://blackberry.com/twitter"" rel=""nofollow"">Twitter for BlackBerry¬Æ</a>",1308193608,seanpaul_D,NULL,0,NULL
35,Tue Nov 05 00:00:04 +0000 2013,397513609708072960,entonces te voy a tener que destruir...ah,"<a href=""https://mobile.twitter.com"" rel=""nofollow"">Mobile Web (M2)</a>",NULL,NULL,NULL,0,NULL
36,Tue Nov 05 00:00:04 +0000 2013,397513609737019392,@linkketchum13 yes,web,575995584,linkketchum13,397500687212617700,0,NULL
37,Tue Nov 05 00:00:04 +0000 2013,397513609716043776,„Ç≠„É≥„ÉÑ„Éñ„Å™„ÅÜÔºÅÁ¶ÅÁÖôÈñãÂßã„Åã„Çâ7Êó•„Å®15ÊôÇÈñìÁ∂ôÁ∂ö‰∏≠ÔºÅ  http://t.co/57mGbEzcoD „Äê ÂëΩ„ÅÆÊú®„ÅÆÊàêÈï∑„ÇíÁ¢∫Ë™ç„Åô„Çã ‚Üí http://t.co/aqcPIDJNio „Äë #kinen #Á¶ÅÁÖô,"<a href=""http://kinen-tsubuyaki.com/"" rel=""nofollow"">„Ç≠„É≥„ÉÑ„Éñ</a>",NULL,NULL,NULL,0,NULL
38,Tue Nov 05 00:00:04 +0000 2013,397513609724850177,Ma√±ana es d√≠a del pantal√≥n horroroso .! -.-.'',"<a href=""http://twitter.com/download/android"" rel=""nofollow"">Twitter for Android</a>",NULL,NULL,NULL,0,NULL
39,Tue Nov 05 00:00:04 +0000 2013,397513609729015808,RT @tousaintt: Yo Convoco ‚ñ∫Tu convocas ‚ñº√âl Convoca ‚ñ≤Nosotros Convocamos Este #9NPrimeraMarchaAutoconvocada #Venezuela #Caracas #9N http://t‚Ä¶,"<a href=""http://twitter.com"" rel=""nofollow"">Twitter Web Client</a>",NULL,NULL,NULL,0,NULL
40,Tue Nov 05 00:00:04 +0000 2013,397513609729048576,@ichabeeli a una que le pasaron m√≠ num toneja :(,"<a href=""http://twitter.com/download/android"" rel=""nofollow"">Twitter for Android</a>",868697942,ichabeeli,397509559075368960,0,NULL
41,Tue Nov 05 00:00:04 +0000 2013,397513609716445185,My first ever varsity game tomorrow!!,"<a href=""http://twitter.com/download/iphone"" rel=""nofollow"">Twitter for iPhone</a>",NULL,NULL,NULL,0,NULL
42,Tue Nov 05 00:00:04 +0000 2013,397513609720639489,@kerridonneelly_ ohh nooooo donnsüò≠,"<a href=""http://twitter.com/download/iphone"" rel=""nofollow"">Twitter for iPhone</a>",1311166634,kerridonneelly_,397513508554039300,0,NULL
43,Tue Nov 05 00:00:04 +0000 2013,397513609737412608,"@ana_aLbaCruz Jajajajajajajaja lechugo??? Algo as√≠, pero tendr√≠amos que seguir pescando animalitos... Que bueno!!!","<a href=""http://twitter.com/download/iphone"" rel=""nofollow"">Twitter for iPhone</a>",329721254,ana_aLbaCruz,397512920181252100,0,NULL
44,Tue Nov 05 00:00:04 +0000 2013,397513609729032192,RT @OG_Nino: girls dat can cook &gt;&gt;&gt; üôå,"<a href=""http://twitter.com/download/iphone"" rel=""nofollow"">Twitter for iPhone</a>",NULL,NULL,NULL,0,NULL
45,Tue Nov 05 00:00:04 +0000 2013,397513609745801216,"Even I have to give him props. If it wasn't for this song, most of us wouldn't of been pumped for this or other... http://t.co/uBb6ga9vQW","<a href=""http://www.facebook.com/twitter"" rel=""nofollow"">Facebook</a>",NULL,NULL,NULL,0,NULL
46,Tue Nov 05 00:00:04 +0000 2013,397513609724850176,"RT @flyd3mi: ""quando o sorriso de algu√©m vira o motivo do seu, isso √© amor"" http://t.co/EOsGIiNxyu","<a href=""https://mobile.twitter.com"" rel=""nofollow"">Mobile Web (M2)</a>",NULL,NULL,NULL,0,NULL
47,Tue Nov 05 00:00:04 +0000 2013,397513609716445184,@PrayForRicksen @CraigBeats true inspiration . #keepfighting,"<a href=""http://twitter.com/download/android"" rel=""nofollow"">Twitter for Android</a>",2161717827,PrayForRicksen,397025555432087550,0,NULL
48,Tue Nov 05 00:00:04 +0000 2013,397513609741627392,@costaiss @mickeyzoero √© desnecess√°rio ele saber? Vai que ele quer te pegar tbm...,"<a href=""http://twitter.com/download/android"" rel=""nofollow"">Twitter for Android</a>",1559017502,costaiss,397512170532913150,0,NULL
49,Tue Nov 05 00:00:04 +0000 2013,397513609720643584,"@_castieI when you livetweet under the dome I get super confused and assume that you're talking about Barbie the doll, not the character","<a href=""http://twitter.com/download/android"" rel=""nofollow"">Twitter for Android</a>",307345169,_castieI,397496815073108000,0,NULL
50,Tue Nov 05 00:00:04 +0000 2013,397513609729040384,I be keepin it too real bruh i swea,"<a href=""http://www.echofon.com/"" rel=""nofollow"">Echofon</a>",NULL,NULL,NULL,0,NULL
51,Tue Nov 05 00:00:04 +0000 2013,397513609741213696,@_chulwoo Ïú§Ï°∞ Î≥¥Îü¨ Ïò§ÏÑ∏ÏöîÏò§,"<a href=""http://www.tweetcaster.com"" rel=""nofollow"">TweetCaster for Android</a>",1186865016,_chulwoo,397511987262808060,0,NULL
52,Tue Nov 05 00:00:04 +0000 2013,397513609737035776,@mayo_mog „Éû„É®„Å°„Çì„Åä„ÅØ„Çà„ÅÜÔΩû„Åõ„ÇÑ„Å™„ÄÅÂ∑•Ëó§,"<a href=""http://twtr.jp"" rel=""nofollow"">Keitai Web</a>",175958186,mayo_mog,397489279795855360,0,NULL
53,Tue Nov 05 00:00:04 +0000 2013,397513609724850178,@Fkarbin tror att jag typ e enda g√∂teborgaren som aldrig satt min fot p√• volvo haha. Varf√∂r jobba kv√§ll d√•? St√§mmee att jag pluggar :),"<a href=""http://twitter.com/download/android"" rel=""nofollow"">Twitter for Android</a>",265066091,Fkarbin,397512401018691600,0,NULL
54,Tue Nov 05 00:00:04 +0000 2013,397513609741225984,‚Äú@brendaaplayaa: I can act so happy but then I'm all sad and shit‚Äù,"<a href=""http://twitter.com/download/iphone"" rel=""nofollow"">Twitter for iPhone</a>",1360405374,brendaaplayaa,397513556641325060,0,NULL
55,Tue Nov 05 00:00:04 +0000 2013,397513609720635392,RT @Jeidy_Emily: @sammysophiaa @1999_melii Claro que sii ! Ellos ya son los ganadores del Records en Youtube  !,"<a href=""http://twitter.com"" rel=""nofollow"">Twitter Web Client</a>",NULL,NULL,NULL,0,NULL
56,Tue Nov 05 00:00:04 +0000 2013,397513609745809408,"Prohibido tomar decisiones Permanentes, Sobre emociones Temporales.","<a href=""http://blackberry.com/twitter"" rel=""nofollow"">Twitter for BlackBerry¬Æ</a>",NULL,NULL,NULL,0,NULL
57,Tue Nov 05 00:00:04 +0000 2013,397513609712246784,Triste s:,"<a href=""http://twitter.com/download/iphone"" rel=""nofollow"">Twitter for iPhone</a>",NULL,NULL,NULL,0,NULL
58,Tue Nov 05 00:00:04 +0000 2013,397513609741230080,@CORTnotCOURT üôèüôèüôèüôè,"<a href=""http://twitter.com/download/iphone"" rel=""nofollow"">Twitter for iPhone</a>",181389190,CORTnotCOURT,397410566429769700,0,NULL
59,Tue Nov 05 00:00:04 +0000 2013,397513609716047872,"@Lisa_Pino LMAO!!! That's so me!! Waffles, cereal, eggs, ALL DAY!!","<a href=""http://twitter.com/download/iphone"" rel=""nofollow"">Twitter for iPhone</a>",418502222,Lisa_Pino,397512642744836100,0,NULL
60,Tue Nov 05 00:00:04 +0000 2013,397513609716432896,@_FlyHighSMILES guess what I'm doingüòÇ,"<a href=""http://twitter.com/download/iphone"" rel=""nofollow"">Twitter for iPhone</a>",1352352396,_FlyHighSMILES,NULL,0,NULL
61,Tue Nov 05 00:00:04 +0000 2013,397513609741225985,"@windidamarr kalo itu makasih deh win, makasih banget :'(  kalo digarden aku mau deh.","<a href=""http://blackberry.com/twitter"" rel=""nofollow"">Twitter for BlackBerry¬Æ</a>",406726895,windidamarr,397512377526018050,0,NULL
62,Tue Nov 05 00:00:04 +0000 2013,397513609720647680,"RT @AnaPolii: Las oficinas de vevo en estos momentos:
#VevoGiveUsOur13MillionViewsBack http://t.co/AER9feB2hw","<a href=""http://twitter.com/download/iphone"" rel=""nofollow"">Twitter for iPhone</a>",NULL,NULL,NULL,0,NULL
63,Tue Nov 05 00:00:04 +0000 2013,397513609712250881,@38la6fi ÿ®ÿ≥ ŸÖÿßŸÜÿ®Ÿä ÿ¨ŸÜ http://t.co/ma39s3bDur,"<a href=""http://twitter.com/download/iphone"" rel=""nofollow"">Twitter for iPhone</a>",1662150362,38la6fi,397511671629217800,0,NULL
64,Tue Nov 05 00:00:04 +0000 2013,397513609720250368,Banquet selfie http://t.co/QWGseOrCdm,"<a href=""http://www.apple.com"" rel=""nofollow"">iOS</a>",NULL,NULL,NULL,0,NULL
65,Tue Nov 05 00:00:05 +0000 2013,397513613901975552,"http://t.co/llNY2N1aRC —Å–∫–∞—á–∞—Ç—å —Ö–æ—Ä–æ—à—É—é –Ω–æ –º–∞–ª–µ–Ω—å–∫—É—é –ø—Ä–æ–≥—Ä–∞–º–º—É —É—á–µ—Ç —Å–∫–ª–∞–¥ –∏ –ø—Ä–æ–¥–∞–∂–∏
 http://t.co/llNY2N1aRC","<a href=""https://mobile.twitter.com"" rel=""nofollow"">Mobile Web (M2)</a>",NULL,NULL,NULL,0,NULL
66,Tue Nov 05 00:00:05 +0000 2013,397513613918760960,"Itu makanya om jangan terlalu milih2 hahhaha RT @Ommar1976: @Arsion_Silaban harus ""om yg sudah menemukan cinta nya""","<a href=""http://ubersocial.com"" rel=""nofollow"">UberSocial for BlackBerry</a>",NULL,NULL,NULL,0,NULL
67,Tue Nov 05 00:00:05 +0000 2013,397513613910364160,ÊÇü‰πü„Å®ËÑ≥Âë≥Âôå‰∫§Êèõ„Åó„Åü„ÅÑ„Å™„ÄÇ„Åù„ÅÜ„Åó„Åü„Çâ„ÄÅÊÇü‰πü„ÅÆËÄÉ„Åà„Å¶„Çã‰∫ãÂÖ®ÈÉ®„Çè„Åã„Çã„Åã„Å™Ôºü,"<a href=""http://winter.vivian.jp/tdbot/"" rel=""nofollow"">„ÅÇ„Å™„Åü„ÅÆÁü•„Çâ„Å™„ÅÑ„Å©„Åì„Åã</a>",NULL,NULL,NULL,0,NULL
68,Tue Nov 05 00:00:05 +0000 2013,397513613922942976,"Por favor espero que haya Wifi en el hotel, sino incomunicada con el mundo",web,NULL,NULL,NULL,0,NULL
69,Tue Nov 05 00:00:05 +0000 2013,397513613935521792,I then listened to meek mills lit oo killem song like 8 times today,"<a href=""http://twitter.com/download/iphone"" rel=""nofollow"">Twitter for iPhone</a>",NULL,NULL,NULL,0,NULL
70,Tue Nov 05 00:00:05 +0000 2013,397513613918736385,„Äé„Ç´„Éä„ÉÄ„ÅÆÂéüÈáé„Çí3„É∂Êúà„Åï„Åæ„Çà„Å£„Åü„Éè„Ç§„Ç´„Éº„ÄÄË•≤„ÅÑÊéõ„Åã„ÇãÁÜä„ÇíËøΩ„ÅÑÊâï„Å£„ÅüÊÑõÁä¨„ÇíÈ£ü„ÅπÁîüÈÇÑ„ÄÄÈùûÈõ£„ÅÆÂ£∞„ÇÇ„ÄèËä∏ËÉΩ„Éã„É•„Éº„Çπ24ÔΩúhttp://t.co/MlrTRSsg5L,"<a href=""http://blog.seesaa.jp/"" rel=""nofollow"">SeesaaBlog</a>",NULL,NULL,NULL,0,NULL
71,Tue Nov 05 00:00:05 +0000 2013,397513613922942977,@KLetts Happy Birthday! üòä,"<a href=""http://twitter.com/download/iphone"" rel=""nofollow"">Twitter for iPhone</a>",619775306,KLetts,NULL,0,NULL
72,Tue Nov 05 00:00:05 +0000 2013,397513613901955072,ËÉ∏„ÅÆÂ§ß„Åç„Åï„Å™„Çì„Å¶Èñ¢‰øÇ„Å™„ÅÑ„Å®ÊÄù„ÅÑ„Åæ„Åô„ÄÇ,"<a href=""http://minuet.sub.jp/carrot-ueshimasan.html"" rel=""nofollow"">‰∫∫ÂèÇÁïë</a>",NULL,NULL,NULL,0,NULL
73,Tue Nov 05 00:00:05 +0000 2013,397513613939728384,Mama told me to watch these bitches. Dad told me to watch these niggas.,"<a href=""http://twitter.com/download/android"" rel=""nofollow"">Twitter for Android</a>",NULL,NULL,NULL,0,NULL
74,Tue Nov 05 00:00:05 +0000 2013,397513613901971456,"„ÄÄtOccxAr
ÔºöÎ≥ÄÌôî

- jUmbAdjA","<a href=""http://sgsg.egloos.com"" rel=""nofollow"">EB_temp_ArtoSurge</a>",NULL,NULL,NULL,0,NULL
75,Tue Nov 05 00:00:05 +0000 2013,397513613918752768,Amo a valentina,web,NULL,NULL,NULL,0,NULL
76,Tue Nov 05 00:00:05 +0000 2013,397513613931323392,"RT @narryargh: ""vevo finished the count""

""vevo hasn't finished the count""

""we beat the record""

""we didnt""

[flo ridas voice]
u spin my h‚Ä¶","<a href=""http://twitter.com/download/iphone"" rel=""nofollow"">Twitter for iPhone</a>",NULL,NULL,NULL,0,NULL
77,Tue Nov 05 00:00:05 +0000 2013,397513613918736384,http://t.co/woOOZXAauc –∏–Ω—Å—Ç—Ä—É–∫—Ü–∏—è –ø–æ–¥—Ä–∞–∑–¥–µ–ª–µ–Ω–∏–π –¥–æ—Ä–æ–∂–Ω–æ–π –∏–Ω—Å–ø–µ–∫—Ü–∏–∏ http://t.co/SPJBFfaZxJ –º–∞–Ω—É–∞–ª—Å—Ö–µ–º–∞ d840,web,NULL,NULL,NULL,0,NULL
78,Tue Nov 05 00:00:05 +0000 2013,397513613935513600,quero mais treta na novela osadispfoisd,web,NULL,NULL,NULL,0,NULL
79,Tue Nov 05 00:00:05 +0000 2013,397513613906153472,@wishbeatles esse ship is over.,web,1323605060,wishbeatles,397513338428870660,0,NULL
80,Tue Nov 05 00:00:05 +0000 2013,397513613927129088,I feel like one of my lecturers is secretly a pornstar or on some Fifty Shades shit.,web,NULL,NULL,NULL,0,NULL
81,Tue Nov 05 00:00:05 +0000 2013,397513613910343680,kkkkk manda minha mae final de semana ir pra manhu so volta domingo anoite kkkkkkkkkkkkkkkkkkk,web,NULL,NULL,NULL,0,NULL
82,Tue Nov 05 00:00:05 +0000 2013,397513613931335680,@fumi_1108 „ÅÑ„ÇÑ„ÄÅ„Åù„Çå„ÅÜ„Å°„ÇÇÊÄù„ÅÜ„Åã„ÇâÂ§ß‰∏àÂ§´ÔΩóÔΩóÔΩóÔΩóÔΩóÔΩó„Ç¨„Çø„ÉÉ„Å£„Å¶„Å™„ÇåÔºÅ„Å®„ÅãÔΩóÔΩóÔΩóÔΩóÔΩóÔΩóÔΩóÔΩóÔΩóÔΩóÔΩóÔΩó,"<a href=""http://twitter.com/download/iphone"" rel=""nofollow"">Twitter for iPhone</a>",394473167,fumi_1108,397511893465575400,0,NULL
83,Tue Nov 05 00:00:05 +0000 2013,397513613939732481,"RT @NFL_Stats: Some Eli Manning Faces to enjoy:

#Giants http://t.co/Z7RTqk85DI","<a href=""http://twitter.com/download/iphone"" rel=""nofollow"">Twitter for iPhone</a>",NULL,NULL,NULL,0,NULL
84,Tue Nov 05 00:00:05 +0000 2013,397513613918740480,como aaa gnt mudoou com esse passar dos anoos ...,web,NULL,NULL,NULL,0,NULL
85,Tue Nov 05 00:00:05 +0000 2013,397513613906165760,IT'S MY BLUDCLARRRRT BIRTHDAY NIGGAAAAAAAAüíÉüò´üéâ1‚É£8‚É£,"<a href=""http://twitter.com/download/iphone"" rel=""nofollow"">Twitter for iPhone</a>",NULL,NULL,NULL,0,NULL
86,Tue Nov 05 00:00:05 +0000 2013,397513613914562560,"Yang kek gituan, buang aja ke empang""@fyrubiee: Kalo udah Follow, jangan main Unfoll bisa ? Jangan Sok Famous juseyeo (‚åíÀõ‚åí) let's be fri","<a href=""http://blackberry.com/twitter"" rel=""nofollow"">Twitter for BlackBerry¬Æ</a>",NULL,NULL,NULL,0,NULL
87,Tue Nov 05 00:00:05 +0000 2013,397513613901963264,I‚Äôm holding on forever. Reaching for a love that seem so far,web,NULL,NULL,NULL,0,NULL
88,Tue Nov 05 00:00:05 +0000 2013,397513613906165761,"RT @sluttyboyRoe: We Live Ina Generation Were Goin Back &amp; Forth To Jail Is COOL, Smokin &amp; Drinkin Is COOL, Havin Babies Is A TREND &amp; LOVE I‚Ä¶","<a href=""http://twitter.com/download/iphone"" rel=""nofollow"">Twitter for iPhone</a>",NULL,NULL,NULL,0,NULL
89,Tue Nov 05 00:00:05 +0000 2013,397513613902368768,Y hasta cruce  algunas miradas con el dj.,"<a href=""http://blackberry.com/twitter"" rel=""nofollow"">Twitter for BlackBerry¬Æ</a>",NULL,NULL,NULL,0,NULL
90,Tue Nov 05 00:00:05 +0000 2013,397513613910360064,‚Äú@BitchDntTrip: Chasing Boys aren't going to get me into college and get me a high paying job is it ? üíÅ‚Äù,"<a href=""http://twitter.com/#!/download/ipad"" rel=""nofollow"">Twitter for iPad</a>",244631815,BitchDntTrip,397513045582151700,0,NULL
91,Tue Nov 05 00:00:05 +0000 2013,397513613927141376,RT @AngelicaPikles: I wanna go see Bad Grandpa .,"<a href=""http://twitter.com/download/iphone"" rel=""nofollow"">Twitter for iPhone</a>",NULL,NULL,NULL,0,NULL
92,Tue Nov 05 00:00:05 +0000 2013,397513613914554368,RT @LuulBit_keyy: Get this slump nigga oout my crib,"<a href=""http://twitter.com/download/android"" rel=""nofollow"">Twitter for Android</a>",NULL,NULL,NULL,0,NULL
93,Tue Nov 05 00:00:05 +0000 2013,397513613935509504,@cindypermataa iyaa makasih cindy ;;) amin amin yaAllah :-*‚ò∫,"<a href=""http://blackberry.com/twitter"" rel=""nofollow"">Twitter for BlackBerry¬Æ</a>",129449557,cindypermataa,397509206359543800,0,NULL
94,Tue Nov 05 00:00:05 +0000 2013,397513613923348481,"–Ø —Å–æ–±—Ä–∞–ª 30 080 –∑–æ–ª–æ—Ç—ã—Ö –º–æ–Ω–µ—Ç! –ö—Ç–æ –∏–∑ –≤–∞—Å —Å–º–æ–∂–µ—Ç –±–æ–ª—å—à–µ? http://t.co/0tIyeDfYIr #android, #androidgames, #gameinsight","<a href=""http://bit.ly/tribez_itw"" rel=""nofollow"">The Tribez for Android</a>",NULL,NULL,NULL,0,NULL
95,Tue Nov 05 00:00:05 +0000 2013,397513613910753281,De volta a facu ‚úåÔ∏è http://t.co/nzEt942XYo,"<a href=""http://instagram.com"" rel=""nofollow"">Instagram</a>",NULL,NULL,NULL,0,NULL
96,Tue Nov 05 00:00:05 +0000 2013,397513613906571264,RT @xpixiepunkx: La Dispute is an incredible band idc what u say,"<a href=""http://ubersocial.com"" rel=""nofollow"">UberSocial for Android</a>",NULL,NULL,NULL,0,NULL
97,Tue Nov 05 00:00:05 +0000 2013,397513613931732992,@JayTea423 got me hooked on aer.,"<a href=""http://twitter.com/download/android"" rel=""nofollow"">Twitter for Android</a>",636638286,JayTea423,NULL,0,NULL
98,Tue Nov 05 00:00:05 +0000 2013,397513613939720192,"RT @SavedBoys: You can't hang out with negative people, and expect to live a positive life.","<a href=""http://twitter.com/download/android"" rel=""nofollow"">Twitter for Android</a>",NULL,NULL,NULL,0,NULL
99,Tue Nov 05 00:00:05 +0000 2013,397513613927530496,"RT @Drizzy_Fanatic: On my worst behavior, don't you ever get it fucked up.","<a href=""http://twitter.com/download/android"" rel=""nofollow"">Twitter for Android</a>",NULL,NULL,NULL,0,NULL
100,Tue Nov 05 00:00:05 +0000 2013,397513613931315200,Êõ∏Â∫óÁî∑Â≠êÈõ™Âêç„ÇÑ„Çì,"<a href=""http://twitter.com/download/iphone"" rel=""nofollow"">Twitter for iPhone</a>",NULL,NULL,NULL,0,NULL
101,Tue Nov 05 00:00:05 +0000 2013,397513613931319296,@Jescmillav sepp,"<a href=""http://blackberry.com/twitter"" rel=""nofollow"">Twitter for BlackBerry¬Æ</a>",1118381540,Jescmillav,397511317977718800,0,NULL
102,Tue Nov 05 00:00:05 +0000 2013,397513613901959168,RT @Rewire_Me: What Is It Like to Be Autistic? Hit ‚ÄòPlay.‚Äô http://t.co/mD16CFNRPl,"<a href=""http://twitter.com"" rel=""nofollow"">Twitter Web Client</a>",NULL,NULL,NULL,0,NULL
103,Tue Nov 05 00:00:05 +0000 2013,397513613910765568,I wanna wrestling to start already,"<a href=""http://twitter.com/download/iphone"" rel=""nofollow"">Twitter for iPhone</a>",NULL,NULL,NULL,0,NULL
104,Tue Nov 05 00:00:05 +0000 2013,397513613914537984,Conhe√ßa o meu site http://t.co/lrvwNKLk4c via @Webnode,"<a href=""http://twitter.com/tweetbutton"" rel=""nofollow"">Tweet Button</a>",NULL,NULL,NULL,0,NULL
105,Tue Nov 05 00:00:05 +0000 2013,397513613931741184,...I came in like a wrecking ball,"<a href=""http://twitter.com/download/iphone"" rel=""nofollow"">Twitter for iPhone</a>",NULL,NULL,NULL,0,NULL
106,Tue Nov 05 00:00:05 +0000 2013,397513613906563072,‚Äú@yasdnilwebb: I need a keurig in my life ‚òïÔ∏è‚Äù I've been saying this for 2 years and none of my loved ones took the hint at Christmas üòÇüò≠üò≠,"<a href=""http://twitter.com/download/iphone"" rel=""nofollow"">Twitter for iPhone</a>",192708153,yasdnilwebb,397507169320722400,0,NULL
107,Tue Nov 05 00:00:05 +0000 2013,397513613901967360,Humildade: quem tem vai longe.,web,NULL,NULL,NULL,0,NULL
108,Tue Nov 05 00:00:05 +0000 2013,397513613923348480,Thank you ko√ß,"<a href=""http://twitter.com/download/iphone"" rel=""nofollow"">Twitter for iPhone</a>",NULL,NULL,NULL,0,NULL
109,Tue Nov 05 00:00:05 +0000 2013,397513613910372352,@K2raGntm „ÇÑ„Å†„Çà„Çì(„Éªœâ„Éª),"<a href=""http://twitter.com/download/iphone"" rel=""nofollow"">Twitter for iPhone</a>",1043071261,K2raGntm,397512802266402800,0,NULL
110,Tue Nov 05 00:00:05 +0000 2013,397513613910740992,*fam,"<a href=""http://twitter.com/download/iphone"" rel=""nofollow"">Twitter for iPhone</a>",NULL,NULL,NULL,0,NULL
111,Tue Nov 05 00:00:05 +0000 2013,397513613918756865,"Ga gitulah :p RT @sindy_riyuki: JKT48 :D @Abi_NPanda: Lgu apa? RT @sindy_riyuki: Jika jika kamu ragu, takkan bisa memulai apapun, ungkapkan","<a href=""http://twiterous.com"" rel=""nofollow"">Twiterous</a>",NULL,NULL,NULL,0,NULL
112,Tue Nov 05 00:00:05 +0000 2013,397513613914566656,ÈñãÈ§®ÊôÇÈñì„Éä„É™„ÄÇ„Åï„ÅÇÁúü„Å£ÂÖà„Å´„Åì„ÅÆÊ∞¥ÊßΩ„ÇíË¶ã„Å´„Åè„Çã„Éä„É™„ÄÇ,"<a href=""http://makebot.sh/"" rel=""nofollow"">ÂçóÊµ∑„ÅÆÂ∞èÊÇ™È≠î„Éû„ÉÄ„É©„Éà„Éì„Ç®„Ç§bot</a>",NULL,NULL,NULL,0,NULL
113,Tue Nov 05 00:00:05 +0000 2013,397513613902360576,Jugar futbol en la uni hacer un truco que deje a todos impresionados u tirartela de un grande! Ojala pase t--t,"<a href=""http://blackberry.com/twitter"" rel=""nofollow"">Twitter for BlackBerry¬Æ</a>",NULL,NULL,NULL,0,NULL
114,Tue Nov 05 00:00:05 +0000 2013,397513613935509505,@mikio84755920 „Åä„ÅØ„Çà„ÅÜ„Åî„Åñ„ÅÑ„Åæ„Åô„ÄÇ1105„Åß‚Äú„ÅÑ„ÅÑ„Çä„Çì„Åî‚Äù„Åß„Åô„Å≠(^^) Â§úÈ£ü„ÇÇ„Çä„Çì„Åî„Å´Ê±∫ÂÆö„Åã„Å™„ÄÇ‰ªäÊó•„ÇÇÂºµ„ÇäÂàá„Å£„Å¶„ÅÑ„Åç„Åæ„Åó„Çá„ÅÜÔºÅ,"<a href=""http://twitter.com/download/android"" rel=""nofollow"">Twitter for Android</a>",1195422372,mikio84755920,397505600872914940,0,NULL
115,Tue Nov 05 00:00:05 +0000 2013,397513613902364672,No One Wants To Hang Maggie,"<a href=""http://twitter.com/download/iphone"" rel=""nofollow"">Twitter for iPhone</a>",NULL,NULL,NULL,0,NULL
116,Tue Nov 05 00:00:05 +0000 2013,397513613940105216,Essa Pilar √© uma corna mansa,"<a href=""http://twitter.com/download/android"" rel=""nofollow"">Twitter for Android</a>",NULL,NULL,NULL,0,NULL
117,Tue Nov 05 00:00:05 +0000 2013,397513613906558976,"RT @TeDoyManduco: ''Odio tener el per√≠odo y por eso la pagar√© con el pendejo de mi novio.'' 
‚Äî  Todas las mujeres del mundo.","<a href=""http://twitter.com/download/android"" rel=""nofollow"">Twitter for Android</a>",NULL,NULL,NULL,0,NULL
118,Tue Nov 05 00:00:05 +0000 2013,397513613902348289,I posted a new photo to Facebook http://t.co/7X6998J3au,"<a href=""http://www.facebook.com/twitter"" rel=""nofollow"">Facebook</a>",NULL,NULL,NULL,0,NULL
119,Tue Nov 05 00:00:05 +0000 2013,397513613918736386,@1D_DeGea  claro,web,2153662424,1D_DeGea,397512996081000450,0,NULL
120,Tue Nov 05 00:00:05 +0000 2013,397513613919125504,@ajjj511 ŸàÿßŸÜÿ™ ÿ®ÿÆŸäÿ± Ÿàÿ≥ÿπÿßÿØŸáüòä,"<a href=""http://twitter.com/download/iphone"" rel=""nofollow"">Twitter for iPhone</a>",1869017246,ajjj511,397086483800395800,0,NULL
121,Tue Nov 05 00:00:05 +0000 2013,397513613906169856,RT @Number10cat: Why are Dell laptops trending? *innocent face*,"<a href=""http://twitter.com/download/iphone"" rel=""nofollow"">Twitter for iPhone</a>",NULL,NULL,NULL,0,NULL
122,Tue Nov 05 00:00:05 +0000 2013,397513613927522304,RT @kaiykais: Define Cheska http://t.co/Rrr88VaSPY,"<a href=""http://twitter.com/#!/download/ipad"" rel=""nofollow"">Twitter for iPad</a>",NULL,NULL,NULL,0,NULL
123,Tue Nov 05 00:00:05 +0000 2013,397513613910740994,"Que lindo gol negritooooooo, VAMOS ROJO!!!!!!!!! ‚ù§Ô∏è‚ù§Ô∏è‚ù§Ô∏è","<a href=""http://twitter.com/download/iphone"" rel=""nofollow"">Twitter for iPhone</a>",NULL,NULL,NULL,0,NULL
124,Tue Nov 05 00:00:05 +0000 2013,397513613940117504,"DE Underwriter - Gilbert, AZ http://t.co/QE1m5762Mx","<a href=""http://www.catsone.com"" rel=""nofollow"">CATS Applicant Tracking System</a>",NULL,NULL,NULL,0,NULL
125,Tue Nov 05 00:00:05 +0000 2013,397513613931335681,"jangan mendengarkan lagu galau,karena itu akan menggambarkan masa yang akan terjadi....lebih baik DENGER LAGU ROHANI...:)",web,NULL,NULL,NULL,0,NULL
126,Tue Nov 05 00:00:05 +0000 2013,397513613935935488,http://t.co/GPPtj3CH16 –∫–∞–∫ –ø–æ—Ö—É–¥–µ—Ç—å –∑–∞ –Ω–µ–¥–µ–ª—é –Ω–∞ 10 –∫–≥ —Å –ø–æ–º–æ—â—å—é –∏–º–±–∏—Ä—è,"<a href=""https://twitter.com/"" rel=""nofollow"">Jason_Bourne_88</a>",NULL,NULL,NULL,0,NULL
127,Tue Nov 05 00:00:05 +0000 2013,397513613902352384,"RT @HowLilWayneRaps: She backed it up for an hour, call that Daylight Savings.","<a href=""http://twitter.com/download/android"" rel=""nofollow"">Twitter for Android</a>",NULL,NULL,NULL,0,NULL
128,Tue Nov 05 00:00:05 +0000 2013,397513613910753280,@TheeGangsta lol y dont u come here?,"<a href=""http://twitter.com/download/android"" rel=""nofollow"">Twitter for Android</a>",627954838,TheeGangsta,397513204416655360,0,NULL
129,Tue Nov 05 00:00:05 +0000 2013,397513613927145472,Huishh smlm tdo dr pkoi 9mlm-7pg...hohoo bdn rs bersmngt kalo tido ckp..:-),"<a href=""http://twitter.com/download/android"" rel=""nofollow"">Twitter for Android</a>",NULL,NULL,NULL,0,NULL
130,Tue Nov 05 00:00:05 +0000 2013,397513613906567168,RT @Heba1_: Ÿäÿß ÿ¥ŸäŸÜ ÿ¨Ÿàÿπ ÿ∞ÿß ÿßŸÑŸàŸÇÿ™.,"<a href=""http://twitter.com/download/android"" rel=""nofollow"">Twitter for Android</a>",NULL,NULL,NULL,0,NULL
131,Tue Nov 05 00:00:05 +0000 2013,397513613927526400,‚Äú@MileyCyrus: Thanks @BarackObama http://t.co/A3My2MoAJ5‚Äù üòÇüòÇ,"<a href=""http://twitter.com/download/iphone"" rel=""nofollow"">Twitter for iPhone</a>",268414482,MileyCyrus,397512244642074600,0,NULL
132,Tue Nov 05 00:00:06 +0000 2013,397513618096259073,"Hit a Strip Club in Elizabeth, NJ like 'Cinderellas' at 1117 Elizabeth Ave.  908-352-1243","<a href=""http://www.supertweet.net"" rel=""nofollow"">SuperTweetAPI</a>",NULL,NULL,NULL,0,NULL
133,Tue Nov 05 00:00:06 +0000 2013,397513618104672257,2013-11-04 06:00:01 PM Trabajos totales: 0 Trabajos pendientes: 0 Errores: 0,"<a href=""http://www.supertweet.net"" rel=""nofollow"">SuperTweetAPI</a>",NULL,NULL,NULL,0,NULL
134,Tue Nov 05 00:00:06 +0000 2013,397513618125631490,pelajaran cari kaca *putihabuabu*,"<a href=""http://blackberry.com/twitter"" rel=""nofollow"">Twitter for BlackBerry¬Æ</a>",NULL,NULL,NULL,0,NULL
135,Tue Nov 05 00:00:06 +0000 2013,397513618100453377,I bet y'all going to steal my shit too. üòí but idgaf üòèüòèüòèüíÅ,"<a href=""http://twitter.com/download/iphone"" rel=""nofollow"">Twitter for iPhone</a>",NULL,NULL,NULL,0,NULL
136,Tue Nov 05 00:00:06 +0000 2013,397513618104668160,"'Haha!' - my body, to me","<a href=""http://twitter.com/download/iphone"" rel=""nofollow"">Twitter for iPhone</a>",NULL,NULL,NULL,0,NULL
137,Tue Nov 05 00:00:06 +0000 2013,397513618108870656,do nadaaa kkkkkkkkkkkkkkkkkkkkkkk,web,NULL,NULL,NULL,0,NULL
138,Tue Nov 05 00:00:06 +0000 2013,397513618100482049,a√∫n no supero a mi crush en twitter @sexoconjauregui ok.,"<a href=""http://twitter.com/download/iphone"" rel=""nofollow"">Twitter for iPhone</a>",NULL,NULL,NULL,0,NULL
139,Tue Nov 05 00:00:06 +0000 2013,397513618125647872,„ÄéÈüìÂõΩ„Ç≥„Çπ„É°ÊÉÖÂ†±ÔºÅÔºÅ„Äè„ÄÄ„ÄêÈüìÂõΩ„Ç≥„Çπ„É°„Äë„ÄêÈüìÂõΩÂåñÁ≤ßÂìÅ„Äë„ÄêÊ≠£Ë¶èË£ΩÂìÅÈüìÂõΩÁõ¥ÈÄÅ„Äë„Éü„Ç∑„É£„ÄÄ[MISSHA]„ÄÄ„Éï„Çß„Ç§„Ç∑„É£„É´„ÄÄ„Çπ„ÇØ„É©„ÉñÔºà„Éñ„É©„ÉÉ„ÇØ„Ç∑„É•„Ç¨„Éº/„ÉÅ„Éß„Éª„Éª„Éª„ÄÄË©±È°å„ÅÆÈüìÂõΩ„Ç≥„Çπ„É°„ÇíCHECKÔºÅÔºÅ„ÄÄ=&gt;„ÄÄhttp://t.co/PyGzpIjcK1,"<a href=""http://xn--ick3b8eyc357wmk3e.com"" rel=""nofollow"">ÈüìÂõΩ„Ç®„É≥„Çø„É°Â∞ÇÁî®„Ç¢„Éó„É™7</a>",NULL,NULL,NULL,0,NULL
140,Tue Nov 05 00:00:06 +0000 2013,397513618121433090,"RT @queenpriscilla_: I'm just ready for thanksgiving break to be honest, I need a brake from school and everyone.","<a href=""http://twitter.com/download/iphone"" rel=""nofollow"">Twitter for iPhone</a>",NULL,NULL,NULL,0,NULL
141,Tue Nov 05 00:00:06 +0000 2013,397513618129825792,Âèñ„ÇäÂØÑ„ÅõÂèñ„ÇäÂØÑ„Åõ‚Ä¶‚Ä¶ÂïèÂêà„Åõ‚Ä¶‚Ä¶,"<a href=""http://janetter.net/"" rel=""nofollow"">Janetter</a>",NULL,NULL,NULL,0,NULL
142,Tue Nov 05 00:00:06 +0000 2013,397513618117259264,KARA TRAIN always the BEST &lt;3 http://t.co/Hh1d3uH4Or,"<a href=""http://www.facebook.com/twitter"" rel=""nofollow"">Facebook</a>",NULL,NULL,NULL,0,NULL
143,Tue Nov 05 00:00:06 +0000 2013,397513618134007808,"minas de alvorada : brigam , d√£o e pagam pau , uhum u-u",web,NULL,NULL,NULL,0,NULL
144,Tue Nov 05 00:00:06 +0000 2013,397513618134011904,ŸäÿßŸá ŸäÿßÿπŸÖÿßÿ± .. ŸäÿßŸá .. !! http://t.co/ZS2BWDJjBs,"<a href=""http://www.facebook.com/twitter"" rel=""nofollow"">Facebook</a>",NULL,NULL,NULL,0,NULL
145,Tue Nov 05 00:00:06 +0000 2013,397513618121437184,@__vitoriachaves to cantando,web,277489312,__vitoriachaves,397513489558016000,0,NULL
146,Tue Nov 05 00:00:06 +0000 2013,397513618125631489,@JarrethHunt so two pizzas a piece thats still pretty impressive haha,"<a href=""http://twitter.com/download/android"" rel=""nofollow"">Twitter for Android</a>",36104241,JarrethHunt,397513461363515400,0,NULL
147,Tue Nov 05 00:00:06 +0000 2013,397513618125631488,The electricians came to my house. Shorted out the lights in my room and my room only and then left,"<a href=""http://twitter.com/download/iphone"" rel=""nofollow"">Twitter for iPhone</a>",NULL,NULL,NULL,0,NULL
148,Tue Nov 05 00:00:06 +0000 2013,397513618121453568,"""@TheTumblrPosts: when you start to realize you're attached to someone http://t.co/ULGUTcINEl""","<a href=""http://twitter.com/download/android"" rel=""nofollow"">Twitter for Android</a>",NULL,NULL,NULL,0,NULL
149,Tue Nov 05 00:00:06 +0000 2013,397513618125639680,@bamboohill „Åã„Çâ„Åè„ÇäÂ∑•ÊàøA:Mac„Å†„Å£„Åü„Åã„Å™,"<a href=""http://www.tweetdeck.com"" rel=""nofollow"">TweetDeck</a>",17986694,bamboohill,397513438118686700,0,NULL
150,Tue Nov 05 00:00:06 +0000 2013,397513618117246977,"Lagi bkin apa baby?""@ajrinadarman: Dirumah juga beby""@ArfinaaDamayant: Lagi di rumah syng' kamu? @ajrinadarman""""","<a href=""http://blackberry.com/twitter"" rel=""nofollow"">Twitter for BlackBerry¬Æ</a>",NULL,NULL,NULL,0,NULL
151,Tue Nov 05 00:00:06 +0000 2013,397513618104672256,rt‚Äú@fauziahzalza1: Selamat Tahun Baru Islam 1435 H o:)‚Äù,"<a href=""http://twitter.com/#!/download/ipad"" rel=""nofollow"">Twitter for iPad</a>",621667469,fauziahzalza1,397512743835553800,0,NULL
152,Tue Nov 05 00:00:06 +0000 2013,397513618109263872,Im so pissed off and I don't know why,"<a href=""http://www.twitter.com"" rel=""nofollow"">Twitter for Windows Phone</a>",NULL,NULL,NULL,0,NULL
153,Tue Nov 05 00:00:06 +0000 2013,397513618121433089,"@AguustinaTamara a fin de a√±o tocan en la trastienda agusss , vamos a irrr! jajaja",web,1287518196,AguustinaTamara,397512735669235700,0,NULL
154,Tue Nov 05 00:00:06 +0000 2013,397513618096656384,"RT @tusabiasque: Plat√≥n: El cuerpo humano es el carruaje; el yo, el hombre que lo conduce; el pensamiento son las riendas, y los sentimient‚Ä¶","<a href=""http://twitter.com/download/iphone"" rel=""nofollow"">Twitter for iPhone</a>",NULL,NULL,NULL,0,NULL
155,Tue Nov 05 00:00:06 +0000 2013,397513618096685056,@dlewings Hey there! :),"<a href=""http://twitter.com/download/iphone"" rel=""nofollow"">Twitter for iPhone</a>",260110764,dlewings,NULL,0,NULL
156,Tue Nov 05 00:00:06 +0000 2013,397513618113048576,RT @bonillaJuanjose: Ser√© breve: Quiero todo contigo.,"<a href=""http://twitter.com"" rel=""nofollow"">Twitter Web Client</a>",NULL,NULL,NULL,0,NULL
157,Tue Nov 05 00:00:06 +0000 2013,397513618129817600,"@yuus_53 
„Åç„Åü„Å™„ÅÑ„ÄÇ„ÅØ„Çà„Åç„Å¶„ÄÇ
Âà•„Å´„Åï„Åø„Åó„Åè„Å™„ÅÑ„Åë„Å©
„ÅØ„Çà„Åç„Å¶‚ô°","<a href=""http://twitter.com/download/iphone"" rel=""nofollow"">Twitter for iPhone</a>",980588545,yuus_53,397513286125502460,0,NULL
158,Tue Nov 05 00:00:06 +0000 2013,397513618121822208,"RT @bellasotnas: so digo uma coisa, a Luisa ta certissima","<a href=""http://twitter.com/download/android"" rel=""nofollow"">Twitter for Android</a>",NULL,NULL,NULL,0,NULL
159,Tue Nov 05 00:00:06 +0000 2013,397513618105073664,So how about this loooong weekendüíÉ,"<a href=""http://twitter.com/download/iphone"" rel=""nofollow"">Twitter for iPhone</a>",NULL,NULL,NULL,0,NULL
160,Tue Nov 05 00:00:06 +0000 2013,397513618100875264,RT @vanessasenior: Maduro acusa a Twitter por perder 6000 seguidores... si ser√° pendejo ese carajo en vez de ocuparse de los q entran en la‚Ä¶,"<a href=""http://twitter.com/download/iphone"" rel=""nofollow"">Twitter for iPhone</a>",NULL,NULL,NULL,0,NULL
161,Tue Nov 05 00:00:06 +0000 2013,397513618121445376,RT @supermik_nasty: When you get someone special you slowly let them consume your whole life..or maybe that's just me,"<a href=""http://twitter.com/download/iphone"" rel=""nofollow"">Twitter for iPhone</a>",NULL,NULL,NULL,0,NULL
162,Tue Nov 05 00:00:06 +0000 2013,397513618129838080,@01ryeowook „Å®„ÄÅ„Éâ„É≥„Å∏ÔΩóÔΩóÔΩó,"<a href=""http://twitter.com/download/iphone"" rel=""nofollow"">Twitter for iPhone</a>",331406343,imosung__,397513552371523600,0,NULL
163,Tue Nov 05 00:00:06 +0000 2013,397513618096259072,@BeluLassaga es que es facil darse cuenta de eso jajaja,web,1348016298,BeluLassaga,397512436934541300,0,NULL
164,Tue Nov 05 00:00:06 +0000 2013,397513618100846592,üìáüìÜüìÅüìã,"<a href=""http://twitter.com/download/iphone"" rel=""nofollow"">Twitter for iPhone</a>",NULL,NULL,NULL,0,NULL
165,Tue Nov 05 00:00:06 +0000 2013,397513618105073666,@Hilal_19o3 ouh das darf nicht passieren ...,"<a href=""http://twitter.com/download/android"" rel=""nofollow"">Twitter for Android</a>",314720562,Hilal_19o3,397513457551286300,0,NULL
166,Tue Nov 05 00:00:06 +0000 2013,397513618096680960,Il va geeker le Vrai a No√´l MDRR,"<a href=""http://twitter.com/download/android"" rel=""nofollow"">Twitter for Android</a>",NULL,NULL,NULL,0,NULL
167,Tue Nov 05 00:00:06 +0000 2013,397513618105069568,"sawa sawa sawale, ashhhüéß","<a href=""http://twitter.com/download/iphone"" rel=""nofollow"">Twitter for iPhone</a>",NULL,NULL,NULL,0,NULL
168,Tue Nov 05 00:00:06 +0000 2013,397513618134016000,@co_ge_ „Å©„Çì„Åê„Çä„Çí‰Ωú„Çä„Åü„Åè„Å¶„Ç≠„É£„É©ÂºÅ„Å´„Åó„Åü„ÅÆÁ¨ë,"<a href=""http://twitter.com/download/iphone"" rel=""nofollow"">Twitter for iPhone</a>",1471522459,co_ge_,397513192860946400,0,NULL
169,Tue Nov 05 00:00:06 +0000 2013,397513618130223104,RT @philosopop: #personagemobscuroCYRL√ÇNDIA √© um presente do @WalcyrCarrasco para todos com alma philosopoppeira #LoveForLife,"<a href=""http://twitter.com/download/android"" rel=""nofollow"">Twitter for Android</a>",NULL,NULL,NULL,0,NULL
170,Tue Nov 05 00:00:06 +0000 2013,397513618117632000,The amount of upset I am isn't even okay.,"<a href=""http://twitter.com/download/iphone"" rel=""nofollow"">Twitter for iPhone</a>",NULL,NULL,NULL,0,NULL
171,Tue Nov 05 00:00:06 +0000 2013,397513618105073665,"A do tank, not a think tank @TRobinsonNewEra  http://t.co/XaebQWRU6s","<a href=""http://twitter.com/download/iphone"" rel=""nofollow"">Twitter for iPhone</a>",NULL,NULL,NULL,0,NULL
172,Tue Nov 05 00:00:06 +0000 2013,397513618134425600,eggnog &gt;,"<a href=""http://twitter.com/#!/download/ipad"" rel=""nofollow"">Twitter for iPad</a>",NULL,NULL,NULL,0,NULL
173,Tue Nov 05 00:00:06 +0000 2013,397513618100461569,@kookaz obrigada p teres estragado a mh felicidade de mins,web,162739997,kookaz,397513463662407700,0,NULL
174,Tue Nov 05 00:00:06 +0000 2013,397513618100879360,"RT @Bandit_Beat: Demasiado fr√≠a, algo me dec√≠a ""Desconf√≠a"".","<a href=""http://twitter.com"" rel=""nofollow"">Twitter Web Client</a>",NULL,NULL,NULL,0,NULL
175,Tue Nov 05 00:00:06 +0000 2013,397513618134024192,Gue yg ga kesampean @annisaalatifah Akhirnya kesampean juga foto disini #IPB50 üíöüåø http://t.co/Mh6g8kMv1n,"<a href=""http://www.myplume.com/"" rel=""nofollow"">Plume¬†for¬†Android</a>",144099288,annisaalatifah,397512911243186200,0,NULL
176,Tue Nov 05 00:00:06 +0000 2013,397513618129829888,@noticias24 Que juventud ese pobre partido no tiene juventud la que llevan a todas partes les pagan y les dan ron,"<a href=""http://blackberry.com/twitter"" rel=""nofollow"">Twitter for BlackBerry¬Æ</a>",14071538,noticias24,397507614248292350,0,NULL
177,Tue Nov 05 00:00:06 +0000 2013,397513618108866560,tengo hambre:(,web,NULL,NULL,NULL,0,NULL
178,Tue Nov 05 00:00:06 +0000 2013,397513618096660480,"Adela y su cara de ""alguien metame un tiro pero YA"" #ni√±asmal2","<a href=""http://blackberry.com/twitter"" rel=""nofollow"">Twitter for BlackBerry¬Æ</a>",NULL,NULL,NULL,0,NULL
179,Tue Nov 05 00:00:06 +0000 2013,397513618100461568,QUEM NAO AJUDAR NA TAG ' #votecherlloyd ' EU VOU FAZER MACUMBA PRA FICAREM FOREVER ALONE,web,NULL,NULL,NULL,0,NULL
180,Tue Nov 05 00:00:06 +0000 2013,397513618109243392,@fightforCote I like this ;),"<a href=""http://twitter.com/download/iphone"" rel=""nofollow"">Twitter for iPhone</a>",1838244474,fightforCote,397513239002488800,0,NULL
181,Tue Nov 05 00:00:06 +0000 2013,397513618100858880,"RT @HowLilWayneRaps: Spilled my drink while playing FIFA, call that Messi","<a href=""http://twitter.com/download/iphone"" rel=""nofollow"">Twitter for iPhone</a>",NULL,NULL,NULL,0,NULL
182,Tue Nov 05 00:00:06 +0000 2013,397513618105065472,@just1djb sim,"<a href=""http://twitter.com/download/android"" rel=""nofollow"">Twitter for Android</a>",187359956,just1djb,397496286875615200,0,NULL
